﻿Designator,Footprint,Quantity,Value,LCSC Part #
"C1, C10",C_0805,2,100nF,C28233
"C11, C2, C3, C4, C5, C6, C7",C_0805,7,10uF,C15850
C8,C_0805,1,4.7uF,C1779
C9,C_0805,1,1uF,C28323
"CON1, CON2",6 Contact Gold Finger,2,~,
D1,D_0805,1,Yellow,C2296
L1,YSPIT0730A-2R7M,1,2.7uH,C18236303
Q1,SOT-23-3,1,2N7002,C8545
R1,R_0805,1,1kΩ,C17513
R2,R_0805,1,100Ω,C17408
"R3, R4",R_0805,2,10kΩ,C17414
R5,R_0805,1,2.2Ω,C17521
R6,R_0805,1,200kΩ,C17539
R7,R_0805,1,100kΩ,C149504
R8,R_0805,1,30kΩ,C17621
R9,R_0805,1,1.58kΩ,C3008956
U1,QFN_ED-T1-GE3_VIS,1,SIC438BED-T1-GE3,C511430
