﻿Designator,Footprint,Quantity,Value,LCSC Part #
"C1, C10",C_0805,2,100nF,C28233
"C2, C3, C8",C_0805,3,4.7uF,C1779
"C4, C5, C6, C7",C_0805,4,10uF,C15850
C9,C_0805,1,1uF,C28323
D1,D_0805,1,Yellow,C2296
L1,L_SOREDE_SNR.1050_10x10x5mm,1,4.7uH,C2847561
Q1,SOT-23-3,1,2N7002,2N7002
R1,R_0805,1,1kΩ,C17513
R2,R_0805,1,100Ω,C17408
"R3, R4",R_0805,2,10kΩ,C17414
R5,R_0805,1,2.2Ω,C17521
R6,R_0805,1,200kΩ,C17539
R7,R_0805,1,100kΩ,C149504
R8,R_0805,1,30kΩ,C17621
R9,R_0805,1,1.58kΩ,C3008956
SW1,SPDT_OS102011_CNK,1,OS102011MS2QN1,
U1,QFN_ED-T1-GE3_VIS,1,SIC438BED-T1-GE3,
